run_family,scenario_name,description,mechanism,num_outcomes,fee_bps,protocol_fee_bps,event_count,path_labels,max_price_change,all_prices_within_tolerance,all_buy_quotes_improved,lp_fairness_rows,solvency_passed,path_terminal_states,path_max_price_diff,path_max_funds_diff,invariant_failures
deterministic,neutral_late_lp,Near-neutral market with one late LP joining after balanced trading.,reference_parallel_lmsr,3,100,25,9,primary,2E-80,True,True,2,True,1,0,0,0
deterministic,skewed_late_lp,Skewed market where an LP joins after one-sided order flow develops.,reference_parallel_lmsr,3,100,25,11,primary,2.373209603267881507115591096E-29,True,True,2,True,1,0,0,0
deterministic,long_tail_late_lp,Long-tail market with many outcomes and one late LP entry.,reference_parallel_lmsr,8,100,25,10,primary,3.374692031740994479984785479E-29,True,True,2,True,1,0,0,0
deterministic,early_vs_late_same_delta_b,Earlier and later LP cohorts both add the same delta-b under different market states.,reference_parallel_lmsr,3,100,25,12,primary,2.624120992910607646011639570E-29,True,True,3,True,1,0,0,0
deterministic,same_final_claims_different_timing,"Same final claims and LP size, but different LP entry timing for fairness/path-dependence comparison.",reference_parallel_lmsr,3,100,25,10,lp_before_second_trade|lp_after_second_trade,1E-80,True,True,2,True,2,0,0.00003325045902808599741449,0
deterministic,cancellation_refund_path,"Cancellation path with active LP cohort, refunds, and post-refund LP residual claims.",reference_parallel_lmsr,3,100,25,9,primary,2E-80,True,True,2,True,1,0,0,0
deterministic,repeated_lp_entries,"Multiple LP cohorts join during active trading, including after an intermediate sell.",reference_parallel_lmsr,3,100,25,15,primary,3.709404702152548257295422586E-29,True,True,4,True,1,0,0,0
deterministic,zero_flow_nav_invariance,"Zero-flow LP entry sanity check: no trades after entry, used for NAV invariance validation.",reference_parallel_lmsr,3,100,25,3,primary,1E-80,True,True,2,True,1,0,0,0
deterministic,same_block_trade_reordering,Same-block reordering stress test around LP entry and adjacent trades.,reference_parallel_lmsr,3,100,25,10,lp_after_block_trade|lp_before_block_trade,2E-80,True,True,2,True,2,0,0.00002464681597011885414892,0
monte_carlo,paper_quick_mc_0000,Randomized active-LP resolved market path.,reference_parallel_lmsr,12,150,25,16,primary,9E-80,True,True,4,True,1,0,0,0
monte_carlo,paper_quick_mc_0001,Randomized active-LP cancellation path.,reference_parallel_lmsr,5,200,25,14,primary,3E-80,True,True,2,True,1,0,0,0
monte_carlo,paper_quick_mc_0002,Randomized active-LP resolved market path.,reference_parallel_lmsr,3,100,25,18,primary,8.525866546480199814809935659E-29,True,True,4,True,1,0,0,0
monte_carlo,paper_quick_mc_0003,Randomized active-LP resolved market path.,reference_parallel_lmsr,5,50,25,14,primary,4E-80,True,True,2,True,1,0,0,0
monte_carlo,paper_quick_mc_0004,Randomized active-LP resolved market path.,reference_parallel_lmsr,5,200,50,18,primary,3.468254383721979684021025898E-29,True,True,3,True,1,0,0,0
monte_carlo,paper_quick_mc_0005,Randomized active-LP cancellation path.,reference_parallel_lmsr,5,50,50,18,primary,2E-80,True,True,2,True,1,0,0,0
monte_carlo,paper_quick_mc_0006,Randomized active-LP resolved market path.,reference_parallel_lmsr,8,50,50,14,primary,7E-80,True,True,3,True,1,0,0,0
monte_carlo,paper_quick_mc_0007,Randomized active-LP resolved market path.,reference_parallel_lmsr,12,100,0,12,primary,1E-81,True,True,2,True,1,0,0,0
monte_carlo,paper_quick_mc_0008,Randomized active-LP resolved market path.,reference_parallel_lmsr,12,100,25,18,primary,2.616487197296902194837044602E-29,True,True,3,True,1,0,0,0
monte_carlo,paper_quick_mc_0009,Randomized active-LP resolved market path.,reference_parallel_lmsr,5,200,50,14,primary,4E-80,True,True,2,True,1,0,0,0
monte_carlo,paper_quick_mc_0010,Randomized active-LP resolved market path.,reference_parallel_lmsr,12,150,0,10,primary,2E-80,True,True,2,True,1,0,0,0
monte_carlo,paper_quick_mc_0011,Randomized active-LP resolved market path.,reference_parallel_lmsr,3,100,0,17,primary,2.425292012351642770663578643E-29,True,True,4,True,1,0,0,0
monte_carlo,paper_quick_mc_0012,Randomized active-LP resolved market path.,reference_parallel_lmsr,3,150,0,18,primary,4E-80,True,True,3,True,1,0,0,0
monte_carlo,paper_quick_mc_0013,Randomized active-LP resolved market path.,reference_parallel_lmsr,8,100,25,12,primary,2.154767367225002263492051066E-29,True,True,3,True,1,0,0,0
monte_carlo,paper_quick_mc_0014,Randomized active-LP resolved market path.,reference_parallel_lmsr,3,50,25,16,primary,5.073612492438174177480633589E-29,True,True,4,True,1,0,0,0
monte_carlo,paper_quick_mc_0015,Randomized active-LP resolved market path.,reference_parallel_lmsr,3,100,25,19,primary,2E-80,True,True,2,True,1,0,0,0
monte_carlo,paper_quick_mc_0016,Randomized active-LP cancellation path.,reference_parallel_lmsr,5,150,25,26,primary,3.272884609945784148153611250E-29,True,True,4,True,1,0,0,0
monte_carlo,paper_quick_mc_0017,Randomized active-LP resolved market path.,reference_parallel_lmsr,8,100,0,15,primary,4.319167951609193197377750730E-30,True,True,3,True,1,0,0,0
monte_carlo,paper_quick_mc_0018,Randomized active-LP resolved market path.,reference_parallel_lmsr,8,150,0,14,primary,4.945444236103916683781738663E-29,True,True,3,True,1,0,0,0
monte_carlo,paper_quick_mc_0019,Randomized active-LP resolved market path.,reference_parallel_lmsr,8,50,25,11,primary,0E-80,True,True,2,True,1,0,0,0
monte_carlo,paper_quick_mc_0020,Randomized active-LP resolved market path.,reference_parallel_lmsr,3,150,25,16,primary,2E-80,True,True,2,True,1,0,0,0
monte_carlo,paper_quick_mc_0021,Randomized active-LP resolved market path.,reference_parallel_lmsr,12,50,0,16,primary,2.180996379656106709756197610E-29,True,True,4,True,1,0,0,0
monte_carlo,paper_quick_mc_0022,Randomized active-LP resolved market path.,reference_parallel_lmsr,5,200,0,11,primary,4.168915745593958724516994581E-29,True,True,2,True,1,0,0,0
monte_carlo,paper_quick_mc_0023,Randomized active-LP resolved market path.,reference_parallel_lmsr,12,100,25,20,primary,1.0E-79,True,True,4,True,1,0,0,0
monte_carlo,paper_quick_mc_0024,Randomized active-LP resolved market path.,reference_parallel_lmsr,12,100,0,17,primary,1.834965266386825952751592221E-29,True,True,4,True,1,0,0,0
monte_carlo,paper_quick_mc_0025,Randomized active-LP cancellation path.,reference_parallel_lmsr,3,150,0,15,primary,5E-80,True,True,2,True,1,0,0,0
monte_carlo,paper_quick_mc_0026,Randomized active-LP resolved market path.,reference_parallel_lmsr,3,100,25,16,primary,4.978767037804659893839552559E-29,True,True,4,True,1,0,0,0
monte_carlo,paper_quick_mc_0027,Randomized active-LP resolved market path.,reference_parallel_lmsr,12,100,25,14,primary,1.0E-79,True,True,3,True,1,0,0,0
monte_carlo,paper_quick_mc_0028,Randomized active-LP resolved market path.,reference_parallel_lmsr,8,200,25,12,primary,0.000,True,True,3,True,1,0,0,0
monte_carlo,paper_quick_mc_0029,Randomized active-LP resolved market path.,reference_parallel_lmsr,3,50,50,17,primary,1.771685969106177454263616479E-29,True,True,2,True,1,0,0,0
monte_carlo,paper_quick_mc_0030,Randomized active-LP resolved market path.,reference_parallel_lmsr,8,200,50,18,primary,2.034855245460639685790510096E-29,True,True,4,True,1,0,0,0
monte_carlo,paper_quick_mc_0031,Randomized active-LP resolved market path.,reference_parallel_lmsr,8,150,50,16,primary,2.342585904988792323830606241E-29,True,True,4,True,1,0,0,0
monte_carlo,paper_quick_mc_0032,Randomized active-LP resolved market path.,reference_parallel_lmsr,3,200,0,17,primary,4.603659221350474337524546826E-29,True,True,4,True,1,0,0,0
monte_carlo,paper_quick_mc_0033,Randomized active-LP resolved market path.,reference_parallel_lmsr,12,150,50,16,primary,1.469881021973383927007994115E-29,True,True,4,True,1,0,0,0
monte_carlo,paper_quick_mc_0034,Randomized active-LP cancellation path.,reference_parallel_lmsr,5,100,0,24,primary,1.894970869560399459792728364E-29,True,True,3,True,1,0,0,0
monte_carlo,paper_quick_mc_0035,Randomized active-LP resolved market path.,reference_parallel_lmsr,8,200,25,14,primary,0E-80,True,True,2,True,1,0,0,0
monte_carlo,paper_quick_mc_0036,Randomized active-LP cancellation path.,reference_parallel_lmsr,5,200,50,20,primary,0.0,True,True,3,True,1,0,0,0
monte_carlo,paper_quick_mc_0037,Randomized active-LP resolved market path.,reference_parallel_lmsr,5,150,25,16,primary,3.356642983446872063513457278E-29,True,True,3,True,1,0,0,0
monte_carlo,paper_quick_mc_0038,Randomized active-LP resolved market path.,reference_parallel_lmsr,3,100,50,13,primary,4E-80,True,True,2,True,1,0,0,0
monte_carlo,paper_quick_mc_0039,Randomized active-LP resolved market path.,reference_parallel_lmsr,3,150,50,20,primary,4.652438973324767975508992382E-29,True,True,4,True,1,0,0,0
monte_carlo,paper_quick_mc_0040,Randomized active-LP cancellation path.,reference_parallel_lmsr,3,50,0,22,primary,2.040388172464356590876957936E-29,True,True,3,True,1,0,0,0
monte_carlo,paper_quick_mc_0041,Randomized active-LP resolved market path.,reference_parallel_lmsr,5,100,0,14,primary,0E-80,True,True,3,True,1,0,0,0
monte_carlo,paper_quick_mc_0042,Randomized active-LP resolved market path.,reference_parallel_lmsr,5,200,0,13,primary,8.522805003992087450089431562E-30,True,True,3,True,1,0,0,0
monte_carlo,paper_quick_mc_0043,Randomized active-LP cancellation path.,reference_parallel_lmsr,8,100,25,15,primary,0.000,True,True,3,True,1,0,0,0
monte_carlo,paper_quick_mc_0044,Randomized active-LP cancellation path.,reference_parallel_lmsr,12,100,25,21,primary,1.702435095732125020696858863E-29,True,True,3,True,1,0,0,0
monte_carlo,paper_quick_mc_0045,Randomized active-LP cancellation path.,reference_parallel_lmsr,5,100,25,20,primary,2E-80,True,True,4,True,1,0,0,0
monte_carlo,paper_quick_mc_0046,Randomized active-LP resolved market path.,reference_parallel_lmsr,12,150,25,18,primary,1.862288617266847945859359876E-29,True,True,4,True,1,0,0,0
monte_carlo,paper_quick_mc_0047,Randomized active-LP cancellation path.,reference_parallel_lmsr,12,200,50,19,primary,0E-81,True,True,2,True,1,0,0,0
monte_carlo,paper_quick_mc_0048,Randomized active-LP resolved market path.,reference_parallel_lmsr,12,150,50,14,primary,2.111763248859997044479297655E-29,True,True,3,True,1,0,0,0
monte_carlo,paper_quick_mc_0049,Randomized active-LP resolved market path.,reference_parallel_lmsr,3,200,0,18,primary,3E-80,True,True,3,True,1,0,0,0
monte_carlo,paper_quick_mc_0050,Randomized active-LP resolved market path.,reference_parallel_lmsr,3,200,25,18,primary,8.002100055802891919539174941E-29,True,True,3,True,1,0,0,0
monte_carlo,paper_quick_mc_0051,Randomized active-LP resolved market path.,reference_parallel_lmsr,12,100,25,15,primary,1.926320838095646268586749204E-29,True,True,3,True,1,0,0,0
monte_carlo,paper_quick_mc_0052,Randomized active-LP resolved market path.,reference_parallel_lmsr,3,100,0,18,primary,9.754174130917635996789025846E-29,True,True,3,True,1,0,0,0
monte_carlo,paper_quick_mc_0053,Randomized active-LP resolved market path.,reference_parallel_lmsr,3,200,25,14,primary,3.004054319826697507619408534E-29,True,True,3,True,1,0,0,0
monte_carlo,paper_quick_mc_0054,Randomized active-LP resolved market path.,reference_parallel_lmsr,8,150,0,14,primary,1.195538836588731818278194372E-29,True,True,3,True,1,0,0,0
monte_carlo,paper_quick_mc_0055,Randomized active-LP resolved market path.,reference_parallel_lmsr,3,150,50,19,primary,5.525995395978915371777816584E-30,True,True,4,True,1,0,0,0
monte_carlo,paper_quick_mc_0056,Randomized active-LP resolved market path.,reference_parallel_lmsr,8,200,50,14,primary,5.213166634432254702617660785E-29,True,True,3,True,1,0,0,0
monte_carlo,paper_quick_mc_0057,Randomized active-LP resolved market path.,reference_parallel_lmsr,3,50,25,13,primary,0E-80,True,True,2,True,1,0,0,0
monte_carlo,paper_quick_mc_0058,Randomized active-LP resolved market path.,reference_parallel_lmsr,12,200,0,20,primary,1.900578383191211146147948425E-29,True,True,4,True,1,0,0,0
monte_carlo,paper_quick_mc_0059,Randomized active-LP cancellation path.,reference_parallel_lmsr,8,200,0,17,primary,1.270741679648258272159493802E-29,True,True,2,True,1,0,0,0
monte_carlo,paper_quick_mc_0060,Randomized active-LP resolved market path.,reference_parallel_lmsr,8,100,0,12,primary,1.307725584591726582289072450E-29,True,True,2,True,1,0,0,0
monte_carlo,paper_quick_mc_0061,Randomized active-LP resolved market path.,reference_parallel_lmsr,5,150,50,19,primary,1.777611194797731775516278982E-29,True,True,3,True,1,0,0,0
monte_carlo,paper_quick_mc_0062,Randomized active-LP resolved market path.,reference_parallel_lmsr,5,150,50,13,primary,3.529041320593844927864318659E-29,True,True,2,True,1,0,0,0
monte_carlo,paper_quick_mc_0063,Randomized active-LP resolved market path.,reference_parallel_lmsr,8,200,25,16,primary,2.137016373864004328422180472E-29,True,True,4,True,1,0,0,0
adversarial,paper_quick_adv_0000,"Adversarial fairness search: pre_entry=6, late_delta_b=20, counterflow_ratio=0, post_entry_mode=idle, winner_policy=favorite",reference_parallel_lmsr,3,100,25,7,primary,1E-80,True,True,2,True,1,0,0,0
adversarial,paper_quick_adv_0001,"Adversarial fairness search: pre_entry=6, late_delta_b=20, counterflow_ratio=0, post_entry_mode=idle, winner_policy=hedge",reference_parallel_lmsr,3,100,25,6,primary,1E-80,True,True,2,True,1,0,0,0
adversarial,paper_quick_adv_0006,"Adversarial fairness search: pre_entry=6, late_delta_b=20, counterflow_ratio=0.25, post_entry_mode=idle, winner_policy=favorite",reference_parallel_lmsr,3,100,25,8,primary,2E-80,True,True,2,True,1,0,0,0
adversarial,paper_quick_adv_0007,"Adversarial fairness search: pre_entry=6, late_delta_b=20, counterflow_ratio=0.25, post_entry_mode=idle, winner_policy=hedge",reference_parallel_lmsr,3,100,25,8,primary,2E-80,True,True,2,True,1,0,0,0
adversarial,paper_quick_adv_0014,"Adversarial fairness search: pre_entry=6, late_delta_b=20, counterflow_ratio=0, post_entry_mode=trend, winner_policy=favorite",reference_parallel_lmsr,3,100,25,9,primary,1E-80,True,True,2,True,1,0,0,0
adversarial,paper_quick_adv_0015,"Adversarial fairness search: pre_entry=6, late_delta_b=20, counterflow_ratio=0, post_entry_mode=trend, winner_policy=hedge",reference_parallel_lmsr,3,100,25,7,primary,1E-80,True,True,2,True,1,0,0,0
adversarial,paper_quick_adv_0016,"Adversarial fairness search: pre_entry=6, late_delta_b=20, counterflow_ratio=0, post_entry_mode=reversion, winner_policy=favorite",reference_parallel_lmsr,3,100,25,8,primary,1E-80,True,True,2,True,1,0,0,0
adversarial,paper_quick_adv_0017,"Adversarial fairness search: pre_entry=6, late_delta_b=20, counterflow_ratio=0, post_entry_mode=reversion, winner_policy=hedge",reference_parallel_lmsr,3,100,25,8,primary,1E-80,True,True,2,True,1,0,0,0
adversarial,paper_quick_adv_0020,"Adversarial fairness search: pre_entry=6, late_delta_b=20, counterflow_ratio=0.25, post_entry_mode=trend, winner_policy=favorite",reference_parallel_lmsr,3,100,25,10,primary,2E-80,True,True,2,True,1,0,0,0
adversarial,paper_quick_adv_0021,"Adversarial fairness search: pre_entry=6, late_delta_b=20, counterflow_ratio=0.25, post_entry_mode=trend, winner_policy=hedge",reference_parallel_lmsr,3,100,25,9,primary,2E-80,True,True,2,True,1,0,0,0
adversarial,paper_quick_adv_0022,"Adversarial fairness search: pre_entry=6, late_delta_b=20, counterflow_ratio=0.25, post_entry_mode=reversion, winner_policy=favorite",reference_parallel_lmsr,3,100,25,9,primary,2E-80,True,True,2,True,1,0,0,0
adversarial,paper_quick_adv_0023,"Adversarial fairness search: pre_entry=6, late_delta_b=20, counterflow_ratio=0.25, post_entry_mode=reversion, winner_policy=hedge",reference_parallel_lmsr,3,100,25,10,primary,2E-80,True,True,2,True,1,0,0,0
adversarial,paper_quick_adv_0024,"Adversarial fairness search: pre_entry=20, late_delta_b=20, counterflow_ratio=0, post_entry_mode=idle, winner_policy=favorite",reference_parallel_lmsr,3,100,25,7,primary,1.726236382983195709702754400E-28,True,True,2,True,1,0,0,0
adversarial,paper_quick_adv_0025,"Adversarial fairness search: pre_entry=20, late_delta_b=20, counterflow_ratio=0, post_entry_mode=idle, winner_policy=hedge",reference_parallel_lmsr,3,100,25,6,primary,1.726236382983195709702754400E-28,True,True,2,True,1,0,0,0
adversarial,paper_quick_adv_0030,"Adversarial fairness search: pre_entry=20, late_delta_b=20, counterflow_ratio=0.25, post_entry_mode=idle, winner_policy=favorite",reference_parallel_lmsr,3,100,25,8,primary,2.339249273041892416921891970E-29,True,True,2,True,1,0,0,0
adversarial,paper_quick_adv_0031,"Adversarial fairness search: pre_entry=20, late_delta_b=20, counterflow_ratio=0.25, post_entry_mode=idle, winner_policy=hedge",reference_parallel_lmsr,3,100,25,8,primary,2.339249273041892416921891970E-29,True,True,2,True,1,0,0,0
adversarial,paper_quick_adv_0038,"Adversarial fairness search: pre_entry=20, late_delta_b=20, counterflow_ratio=0, post_entry_mode=trend, winner_policy=favorite",reference_parallel_lmsr,3,100,25,9,primary,1.726236382983195709702754400E-28,True,True,2,True,1,0,0,0
adversarial,paper_quick_adv_0039,"Adversarial fairness search: pre_entry=20, late_delta_b=20, counterflow_ratio=0, post_entry_mode=trend, winner_policy=hedge",reference_parallel_lmsr,3,100,25,7,primary,1.726236382983195709702754400E-28,True,True,2,True,1,0,0,0
adversarial,paper_quick_adv_0040,"Adversarial fairness search: pre_entry=20, late_delta_b=20, counterflow_ratio=0, post_entry_mode=reversion, winner_policy=favorite",reference_parallel_lmsr,3,100,25,8,primary,1.726236382983195709702754400E-28,True,True,2,True,1,0,0,0
adversarial,paper_quick_adv_0041,"Adversarial fairness search: pre_entry=20, late_delta_b=20, counterflow_ratio=0, post_entry_mode=reversion, winner_policy=hedge",reference_parallel_lmsr,3,100,25,8,primary,1.726236382983195709702754400E-28,True,True,2,True,1,0,0,0
adversarial,paper_quick_adv_0044,"Adversarial fairness search: pre_entry=20, late_delta_b=20, counterflow_ratio=0.25, post_entry_mode=trend, winner_policy=favorite",reference_parallel_lmsr,3,100,25,10,primary,2.339249273041892416921891970E-29,True,True,2,True,1,0,0,0
adversarial,paper_quick_adv_0045,"Adversarial fairness search: pre_entry=20, late_delta_b=20, counterflow_ratio=0.25, post_entry_mode=trend, winner_policy=hedge",reference_parallel_lmsr,3,100,25,9,primary,2.339249273041892416921891970E-29,True,True,2,True,1,0,0,0
adversarial,paper_quick_adv_0046,"Adversarial fairness search: pre_entry=20, late_delta_b=20, counterflow_ratio=0.25, post_entry_mode=reversion, winner_policy=favorite",reference_parallel_lmsr,3,100,25,9,primary,2.339249273041892416921891970E-29,True,True,2,True,1,0,0,0
adversarial,paper_quick_adv_0047,"Adversarial fairness search: pre_entry=20, late_delta_b=20, counterflow_ratio=0.25, post_entry_mode=reversion, winner_policy=hedge",reference_parallel_lmsr,3,100,25,10,primary,2.339249273041892416921891970E-29,True,True,2,True,1,0,0,0
adversarial,paper_quick_adv_0048,"Adversarial fairness search: pre_entry=6, late_delta_b=50, counterflow_ratio=0, post_entry_mode=idle, winner_policy=favorite",reference_parallel_lmsr,3,100,25,7,primary,3E-80,True,True,2,True,1,0,0,0
adversarial,paper_quick_adv_0049,"Adversarial fairness search: pre_entry=6, late_delta_b=50, counterflow_ratio=0, post_entry_mode=idle, winner_policy=hedge",reference_parallel_lmsr,3,100,25,6,primary,3E-80,True,True,2,True,1,0,0,0
adversarial,paper_quick_adv_0054,"Adversarial fairness search: pre_entry=6, late_delta_b=50, counterflow_ratio=0.25, post_entry_mode=idle, winner_policy=favorite",reference_parallel_lmsr,3,100,25,8,primary,4E-80,True,True,2,True,1,0,0,0
adversarial,paper_quick_adv_0055,"Adversarial fairness search: pre_entry=6, late_delta_b=50, counterflow_ratio=0.25, post_entry_mode=idle, winner_policy=hedge",reference_parallel_lmsr,3,100,25,8,primary,4E-80,True,True,2,True,1,0,0,0
adversarial,paper_quick_adv_0062,"Adversarial fairness search: pre_entry=6, late_delta_b=50, counterflow_ratio=0, post_entry_mode=trend, winner_policy=favorite",reference_parallel_lmsr,3,100,25,9,primary,3E-80,True,True,2,True,1,0,0,0
adversarial,paper_quick_adv_0063,"Adversarial fairness search: pre_entry=6, late_delta_b=50, counterflow_ratio=0, post_entry_mode=trend, winner_policy=hedge",reference_parallel_lmsr,3,100,25,7,primary,3E-80,True,True,2,True,1,0,0,0
adversarial,paper_quick_adv_0064,"Adversarial fairness search: pre_entry=6, late_delta_b=50, counterflow_ratio=0, post_entry_mode=reversion, winner_policy=favorite",reference_parallel_lmsr,3,100,25,8,primary,3E-80,True,True,2,True,1,0,0,0
adversarial,paper_quick_adv_0065,"Adversarial fairness search: pre_entry=6, late_delta_b=50, counterflow_ratio=0, post_entry_mode=reversion, winner_policy=hedge",reference_parallel_lmsr,3,100,25,8,primary,3E-80,True,True,2,True,1,0,0,0
adversarial,paper_quick_adv_0068,"Adversarial fairness search: pre_entry=6, late_delta_b=50, counterflow_ratio=0.25, post_entry_mode=trend, winner_policy=favorite",reference_parallel_lmsr,3,100,25,10,primary,4E-80,True,True,2,True,1,0,0,0
adversarial,paper_quick_adv_0069,"Adversarial fairness search: pre_entry=6, late_delta_b=50, counterflow_ratio=0.25, post_entry_mode=trend, winner_policy=hedge",reference_parallel_lmsr,3,100,25,9,primary,4E-80,True,True,2,True,1,0,0,0
adversarial,paper_quick_adv_0070,"Adversarial fairness search: pre_entry=6, late_delta_b=50, counterflow_ratio=0.25, post_entry_mode=reversion, winner_policy=favorite",reference_parallel_lmsr,3,100,25,9,primary,4E-80,True,True,2,True,1,0,0,0
adversarial,paper_quick_adv_0071,"Adversarial fairness search: pre_entry=6, late_delta_b=50, counterflow_ratio=0.25, post_entry_mode=reversion, winner_policy=hedge",reference_parallel_lmsr,3,100,25,10,primary,4E-80,True,True,2,True,1,0,0,0
adversarial,paper_quick_adv_0072,"Adversarial fairness search: pre_entry=20, late_delta_b=50, counterflow_ratio=0, post_entry_mode=idle, winner_policy=favorite",reference_parallel_lmsr,3,100,25,7,primary,2.353958704067994149594665090E-29,True,True,2,True,1,0,0,0
adversarial,paper_quick_adv_0073,"Adversarial fairness search: pre_entry=20, late_delta_b=50, counterflow_ratio=0, post_entry_mode=idle, winner_policy=hedge",reference_parallel_lmsr,3,100,25,6,primary,2.353958704067994149594665090E-29,True,True,2,True,1,0,0,0
adversarial,paper_quick_adv_0078,"Adversarial fairness search: pre_entry=20, late_delta_b=50, counterflow_ratio=0.25, post_entry_mode=idle, winner_policy=favorite",reference_parallel_lmsr,3,100,25,8,primary,2.339249273041892416921891970E-29,True,True,2,True,1,0,0,0
adversarial,paper_quick_adv_0079,"Adversarial fairness search: pre_entry=20, late_delta_b=50, counterflow_ratio=0.25, post_entry_mode=idle, winner_policy=hedge",reference_parallel_lmsr,3,100,25,8,primary,2.339249273041892416921891970E-29,True,True,2,True,1,0,0,0
adversarial,paper_quick_adv_0086,"Adversarial fairness search: pre_entry=20, late_delta_b=50, counterflow_ratio=0, post_entry_mode=trend, winner_policy=favorite",reference_parallel_lmsr,3,100,25,9,primary,2.353958704067994149594665090E-29,True,True,2,True,1,0,0,0
adversarial,paper_quick_adv_0087,"Adversarial fairness search: pre_entry=20, late_delta_b=50, counterflow_ratio=0, post_entry_mode=trend, winner_policy=hedge",reference_parallel_lmsr,3,100,25,7,primary,2.353958704067994149594665090E-29,True,True,2,True,1,0,0,0
adversarial,paper_quick_adv_0088,"Adversarial fairness search: pre_entry=20, late_delta_b=50, counterflow_ratio=0, post_entry_mode=reversion, winner_policy=favorite",reference_parallel_lmsr,3,100,25,8,primary,2.353958704067994149594665090E-29,True,True,2,True,1,0,0,0
adversarial,paper_quick_adv_0089,"Adversarial fairness search: pre_entry=20, late_delta_b=50, counterflow_ratio=0, post_entry_mode=reversion, winner_policy=hedge",reference_parallel_lmsr,3,100,25,8,primary,2.353958704067994149594665090E-29,True,True,2,True,1,0,0,0
adversarial,paper_quick_adv_0092,"Adversarial fairness search: pre_entry=20, late_delta_b=50, counterflow_ratio=0.25, post_entry_mode=trend, winner_policy=favorite",reference_parallel_lmsr,3,100,25,10,primary,2.339249273041892416921891970E-29,True,True,2,True,1,0,0,0
adversarial,paper_quick_adv_0093,"Adversarial fairness search: pre_entry=20, late_delta_b=50, counterflow_ratio=0.25, post_entry_mode=trend, winner_policy=hedge",reference_parallel_lmsr,3,100,25,9,primary,2.339249273041892416921891970E-29,True,True,2,True,1,0,0,0
adversarial,paper_quick_adv_0094,"Adversarial fairness search: pre_entry=20, late_delta_b=50, counterflow_ratio=0.25, post_entry_mode=reversion, winner_policy=favorite",reference_parallel_lmsr,3,100,25,9,primary,2.339249273041892416921891970E-29,True,True,2,True,1,0,0,0
adversarial,paper_quick_adv_0095,"Adversarial fairness search: pre_entry=20, late_delta_b=50, counterflow_ratio=0.25, post_entry_mode=reversion, winner_policy=hedge",reference_parallel_lmsr,3,100,25,10,primary,2.339249273041892416921891970E-29,True,True,2,True,1,0,0,0
adversarial,paper_quick_adv_0096,"Adversarial fairness search: pre_entry=6, late_delta_b=20, counterflow_ratio=0, post_entry_mode=idle, winner_policy=favorite",reference_parallel_lmsr,3,100,25,7,primary,6.035549653820721774559954005E-29,True,True,2,True,1,0,0,0
adversarial,paper_quick_adv_0097,"Adversarial fairness search: pre_entry=6, late_delta_b=20, counterflow_ratio=0, post_entry_mode=idle, winner_policy=hedge",reference_parallel_lmsr,3,100,25,6,primary,6.035549653820721774559954005E-29,True,True,2,True,1,0,0,0
adversarial,paper_quick_adv_0102,"Adversarial fairness search: pre_entry=6, late_delta_b=20, counterflow_ratio=0.25, post_entry_mode=idle, winner_policy=favorite",reference_parallel_lmsr,3,100,25,8,primary,7.034936422679443177379106768E-29,True,True,2,True,1,0,0,0
adversarial,paper_quick_adv_0103,"Adversarial fairness search: pre_entry=6, late_delta_b=20, counterflow_ratio=0.25, post_entry_mode=idle, winner_policy=hedge",reference_parallel_lmsr,3,100,25,8,primary,7.034936422679443177379106768E-29,True,True,2,True,1,0,0,0
adversarial,paper_quick_adv_0110,"Adversarial fairness search: pre_entry=6, late_delta_b=20, counterflow_ratio=0, post_entry_mode=trend, winner_policy=favorite",reference_parallel_lmsr,3,100,25,9,primary,6.035549653820721774559954005E-29,True,True,2,True,1,0,0,0
adversarial,paper_quick_adv_0111,"Adversarial fairness search: pre_entry=6, late_delta_b=20, counterflow_ratio=0, post_entry_mode=trend, winner_policy=hedge",reference_parallel_lmsr,3,100,25,7,primary,6.035549653820721774559954005E-29,True,True,2,True,1,0,0,0
adversarial,paper_quick_adv_0112,"Adversarial fairness search: pre_entry=6, late_delta_b=20, counterflow_ratio=0, post_entry_mode=reversion, winner_policy=favorite",reference_parallel_lmsr,3,100,25,8,primary,6.035549653820721774559954005E-29,True,True,2,True,1,0,0,0
adversarial,paper_quick_adv_0113,"Adversarial fairness search: pre_entry=6, late_delta_b=20, counterflow_ratio=0, post_entry_mode=reversion, winner_policy=hedge",reference_parallel_lmsr,3,100,25,8,primary,6.035549653820721774559954005E-29,True,True,2,True,1,0,0,0
adversarial,paper_quick_adv_0116,"Adversarial fairness search: pre_entry=6, late_delta_b=20, counterflow_ratio=0.25, post_entry_mode=trend, winner_policy=favorite",reference_parallel_lmsr,3,100,25,10,primary,7.034936422679443177379106768E-29,True,True,2,True,1,0,0,0
adversarial,paper_quick_adv_0117,"Adversarial fairness search: pre_entry=6, late_delta_b=20, counterflow_ratio=0.25, post_entry_mode=trend, winner_policy=hedge",reference_parallel_lmsr,3,100,25,9,primary,7.034936422679443177379106768E-29,True,True,2,True,1,0,0,0
adversarial,paper_quick_adv_0118,"Adversarial fairness search: pre_entry=6, late_delta_b=20, counterflow_ratio=0.25, post_entry_mode=reversion, winner_policy=favorite",reference_parallel_lmsr,3,100,25,9,primary,7.034936422679443177379106768E-29,True,True,2,True,1,0,0,0
adversarial,paper_quick_adv_0119,"Adversarial fairness search: pre_entry=6, late_delta_b=20, counterflow_ratio=0.25, post_entry_mode=reversion, winner_policy=hedge",reference_parallel_lmsr,3,100,25,10,primary,7.034936422679443177379106768E-29,True,True,2,True,1,0,0,0
adversarial,paper_quick_adv_0120,"Adversarial fairness search: pre_entry=20, late_delta_b=20, counterflow_ratio=0, post_entry_mode=idle, winner_policy=favorite",reference_parallel_lmsr,3,100,25,7,primary,6.214006799262159301446513186E-29,True,True,2,True,1,0,0,0
adversarial,paper_quick_adv_0121,"Adversarial fairness search: pre_entry=20, late_delta_b=20, counterflow_ratio=0, post_entry_mode=idle, winner_policy=hedge",reference_parallel_lmsr,3,100,25,6,primary,6.214006799262159301446513186E-29,True,True,2,True,1,0,0,0
adversarial,paper_quick_adv_0126,"Adversarial fairness search: pre_entry=20, late_delta_b=20, counterflow_ratio=0.25, post_entry_mode=idle, winner_policy=favorite",reference_parallel_lmsr,3,100,25,8,primary,7.195757700279592343731162997E-29,True,True,2,True,1,0,0,0
adversarial,paper_quick_adv_0127,"Adversarial fairness search: pre_entry=20, late_delta_b=20, counterflow_ratio=0.25, post_entry_mode=idle, winner_policy=hedge",reference_parallel_lmsr,3,100,25,8,primary,7.195757700279592343731162997E-29,True,True,2,True,1,0,0,0
adversarial,paper_quick_adv_0134,"Adversarial fairness search: pre_entry=20, late_delta_b=20, counterflow_ratio=0, post_entry_mode=trend, winner_policy=favorite",reference_parallel_lmsr,3,100,25,9,primary,6.214006799262159301446513186E-29,True,True,2,True,1,0,0,0
adversarial,paper_quick_adv_0135,"Adversarial fairness search: pre_entry=20, late_delta_b=20, counterflow_ratio=0, post_entry_mode=trend, winner_policy=hedge",reference_parallel_lmsr,3,100,25,7,primary,6.214006799262159301446513186E-29,True,True,2,True,1,0,0,0
adversarial,paper_quick_adv_0136,"Adversarial fairness search: pre_entry=20, late_delta_b=20, counterflow_ratio=0, post_entry_mode=reversion, winner_policy=favorite",reference_parallel_lmsr,3,100,25,8,primary,6.214006799262159301446513186E-29,True,True,2,True,1,0,0,0
adversarial,paper_quick_adv_0137,"Adversarial fairness search: pre_entry=20, late_delta_b=20, counterflow_ratio=0, post_entry_mode=reversion, winner_policy=hedge",reference_parallel_lmsr,3,100,25,8,primary,6.214006799262159301446513186E-29,True,True,2,True,1,0,0,0
adversarial,paper_quick_adv_0140,"Adversarial fairness search: pre_entry=20, late_delta_b=20, counterflow_ratio=0.25, post_entry_mode=trend, winner_policy=favorite",reference_parallel_lmsr,3,100,25,10,primary,7.195757700279592343731162997E-29,True,True,2,True,1,0,0,0
adversarial,paper_quick_adv_0141,"Adversarial fairness search: pre_entry=20, late_delta_b=20, counterflow_ratio=0.25, post_entry_mode=trend, winner_policy=hedge",reference_parallel_lmsr,3,100,25,9,primary,7.195757700279592343731162997E-29,True,True,2,True,1,0,0,0
adversarial,paper_quick_adv_0142,"Adversarial fairness search: pre_entry=20, late_delta_b=20, counterflow_ratio=0.25, post_entry_mode=reversion, winner_policy=favorite",reference_parallel_lmsr,3,100,25,9,primary,7.195757700279592343731162997E-29,True,True,2,True,1,0,0,0
adversarial,paper_quick_adv_0143,"Adversarial fairness search: pre_entry=20, late_delta_b=20, counterflow_ratio=0.25, post_entry_mode=reversion, winner_policy=hedge",reference_parallel_lmsr,3,100,25,10,primary,7.195757700279592343731162997E-29,True,True,2,True,1,0,0,0
adversarial,paper_quick_adv_0144,"Adversarial fairness search: pre_entry=6, late_delta_b=50, counterflow_ratio=0, post_entry_mode=idle, winner_policy=favorite",reference_parallel_lmsr,3,100,25,7,primary,5.082568129533239389103119162E-29,True,True,2,True,1,0,0,0
adversarial,paper_quick_adv_0145,"Adversarial fairness search: pre_entry=6, late_delta_b=50, counterflow_ratio=0, post_entry_mode=idle, winner_policy=hedge",reference_parallel_lmsr,3,100,25,6,primary,5.082568129533239389103119162E-29,True,True,2,True,1,0,0,0
adversarial,paper_quick_adv_0150,"Adversarial fairness search: pre_entry=6, late_delta_b=50, counterflow_ratio=0.25, post_entry_mode=idle, winner_policy=favorite",reference_parallel_lmsr,3,100,25,8,primary,7.437719077499784281812990474E-29,True,True,2,True,1,0,0,0
adversarial,paper_quick_adv_0151,"Adversarial fairness search: pre_entry=6, late_delta_b=50, counterflow_ratio=0.25, post_entry_mode=idle, winner_policy=hedge",reference_parallel_lmsr,3,100,25,8,primary,7.437719077499784281812990474E-29,True,True,2,True,1,0,0,0
adversarial,paper_quick_adv_0158,"Adversarial fairness search: pre_entry=6, late_delta_b=50, counterflow_ratio=0, post_entry_mode=trend, winner_policy=favorite",reference_parallel_lmsr,3,100,25,9,primary,5.082568129533239389103119162E-29,True,True,2,True,1,0,0,0
adversarial,paper_quick_adv_0159,"Adversarial fairness search: pre_entry=6, late_delta_b=50, counterflow_ratio=0, post_entry_mode=trend, winner_policy=hedge",reference_parallel_lmsr,3,100,25,7,primary,5.082568129533239389103119162E-29,True,True,2,True,1,0,0,0
adversarial,paper_quick_adv_0160,"Adversarial fairness search: pre_entry=6, late_delta_b=50, counterflow_ratio=0, post_entry_mode=reversion, winner_policy=favorite",reference_parallel_lmsr,3,100,25,8,primary,5.082568129533239389103119162E-29,True,True,2,True,1,0,0,0
adversarial,paper_quick_adv_0161,"Adversarial fairness search: pre_entry=6, late_delta_b=50, counterflow_ratio=0, post_entry_mode=reversion, winner_policy=hedge",reference_parallel_lmsr,3,100,25,8,primary,5.082568129533239389103119162E-29,True,True,2,True,1,0,0,0
adversarial,paper_quick_adv_0164,"Adversarial fairness search: pre_entry=6, late_delta_b=50, counterflow_ratio=0.25, post_entry_mode=trend, winner_policy=favorite",reference_parallel_lmsr,3,100,25,10,primary,7.437719077499784281812990474E-29,True,True,2,True,1,0,0,0
adversarial,paper_quick_adv_0165,"Adversarial fairness search: pre_entry=6, late_delta_b=50, counterflow_ratio=0.25, post_entry_mode=trend, winner_policy=hedge",reference_parallel_lmsr,3,100,25,9,primary,7.437719077499784281812990474E-29,True,True,2,True,1,0,0,0
adversarial,paper_quick_adv_0166,"Adversarial fairness search: pre_entry=6, late_delta_b=50, counterflow_ratio=0.25, post_entry_mode=reversion, winner_policy=favorite",reference_parallel_lmsr,3,100,25,9,primary,7.437719077499784281812990474E-29,True,True,2,True,1,0,0,0
adversarial,paper_quick_adv_0167,"Adversarial fairness search: pre_entry=6, late_delta_b=50, counterflow_ratio=0.25, post_entry_mode=reversion, winner_policy=hedge",reference_parallel_lmsr,3,100,25,10,primary,7.437719077499784281812990474E-29,True,True,2,True,1,0,0,0
adversarial,paper_quick_adv_0168,"Adversarial fairness search: pre_entry=20, late_delta_b=50, counterflow_ratio=0, post_entry_mode=idle, winner_policy=favorite",reference_parallel_lmsr,3,100,25,7,primary,5.232847830957607832797063735E-29,True,True,2,True,1,0,0,0
adversarial,paper_quick_adv_0169,"Adversarial fairness search: pre_entry=20, late_delta_b=50, counterflow_ratio=0, post_entry_mode=idle, winner_policy=hedge",reference_parallel_lmsr,3,100,25,6,primary,5.232847830957607832797063735E-29,True,True,2,True,1,0,0,0
adversarial,paper_quick_adv_0174,"Adversarial fairness search: pre_entry=20, late_delta_b=50, counterflow_ratio=0.25, post_entry_mode=idle, winner_policy=favorite",reference_parallel_lmsr,3,100,25,8,primary,6.059585431814393552615716208E-29,True,True,2,True,1,0,0,0
adversarial,paper_quick_adv_0175,"Adversarial fairness search: pre_entry=20, late_delta_b=50, counterflow_ratio=0.25, post_entry_mode=idle, winner_policy=hedge",reference_parallel_lmsr,3,100,25,8,primary,6.059585431814393552615716208E-29,True,True,2,True,1,0,0,0
adversarial,paper_quick_adv_0182,"Adversarial fairness search: pre_entry=20, late_delta_b=50, counterflow_ratio=0, post_entry_mode=trend, winner_policy=favorite",reference_parallel_lmsr,3,100,25,9,primary,5.232847830957607832797063735E-29,True,True,2,True,1,0,0,0
adversarial,paper_quick_adv_0183,"Adversarial fairness search: pre_entry=20, late_delta_b=50, counterflow_ratio=0, post_entry_mode=trend, winner_policy=hedge",reference_parallel_lmsr,3,100,25,7,primary,5.232847830957607832797063735E-29,True,True,2,True,1,0,0,0
adversarial,paper_quick_adv_0184,"Adversarial fairness search: pre_entry=20, late_delta_b=50, counterflow_ratio=0, post_entry_mode=reversion, winner_policy=favorite",reference_parallel_lmsr,3,100,25,8,primary,5.232847830957607832797063735E-29,True,True,2,True,1,0,0,0
adversarial,paper_quick_adv_0185,"Adversarial fairness search: pre_entry=20, late_delta_b=50, counterflow_ratio=0, post_entry_mode=reversion, winner_policy=hedge",reference_parallel_lmsr,3,100,25,8,primary,5.232847830957607832797063735E-29,True,True,2,True,1,0,0,0
adversarial,paper_quick_adv_0188,"Adversarial fairness search: pre_entry=20, late_delta_b=50, counterflow_ratio=0.25, post_entry_mode=trend, winner_policy=favorite",reference_parallel_lmsr,3,100,25,10,primary,6.059585431814393552615716208E-29,True,True,2,True,1,0,0,0
adversarial,paper_quick_adv_0189,"Adversarial fairness search: pre_entry=20, late_delta_b=50, counterflow_ratio=0.25, post_entry_mode=trend, winner_policy=hedge",reference_parallel_lmsr,3,100,25,9,primary,6.059585431814393552615716208E-29,True,True,2,True,1,0,0,0
adversarial,paper_quick_adv_0190,"Adversarial fairness search: pre_entry=20, late_delta_b=50, counterflow_ratio=0.25, post_entry_mode=reversion, winner_policy=favorite",reference_parallel_lmsr,3,100,25,9,primary,6.059585431814393552615716208E-29,True,True,2,True,1,0,0,0
adversarial,paper_quick_adv_0191,"Adversarial fairness search: pre_entry=20, late_delta_b=50, counterflow_ratio=0.25, post_entry_mode=reversion, winner_policy=hedge",reference_parallel_lmsr,3,100,25,10,primary,6.059585431814393552615716208E-29,True,True,2,True,1,0,0,0
adversarial,paper_quick_adv_0192,"Adversarial fairness search: pre_entry=6, late_delta_b=20, counterflow_ratio=0, post_entry_mode=idle, winner_policy=favorite",reference_parallel_lmsr,8,100,25,7,primary,1E-80,True,True,2,True,1,0,0,0
adversarial,paper_quick_adv_0193,"Adversarial fairness search: pre_entry=6, late_delta_b=20, counterflow_ratio=0, post_entry_mode=idle, winner_policy=hedge",reference_parallel_lmsr,8,100,25,6,primary,1E-80,True,True,2,True,1,0,0,0
adversarial,paper_quick_adv_0198,"Adversarial fairness search: pre_entry=6, late_delta_b=20, counterflow_ratio=0.25, post_entry_mode=idle, winner_policy=favorite",reference_parallel_lmsr,8,100,25,8,primary,1E-80,True,True,2,True,1,0,0,0
adversarial,paper_quick_adv_0199,"Adversarial fairness search: pre_entry=6, late_delta_b=20, counterflow_ratio=0.25, post_entry_mode=idle, winner_policy=hedge",reference_parallel_lmsr,8,100,25,8,primary,1E-80,True,True,2,True,1,0,0,0
adversarial,paper_quick_adv_0206,"Adversarial fairness search: pre_entry=6, late_delta_b=20, counterflow_ratio=0, post_entry_mode=trend, winner_policy=favorite",reference_parallel_lmsr,8,100,25,9,primary,1E-80,True,True,2,True,1,0,0,0
adversarial,paper_quick_adv_0207,"Adversarial fairness search: pre_entry=6, late_delta_b=20, counterflow_ratio=0, post_entry_mode=trend, winner_policy=hedge",reference_parallel_lmsr,8,100,25,7,primary,1E-80,True,True,2,True,1,0,0,0
adversarial,paper_quick_adv_0208,"Adversarial fairness search: pre_entry=6, late_delta_b=20, counterflow_ratio=0, post_entry_mode=reversion, winner_policy=favorite",reference_parallel_lmsr,8,100,25,8,primary,1E-80,True,True,2,True,1,0,0,0
adversarial,paper_quick_adv_0209,"Adversarial fairness search: pre_entry=6, late_delta_b=20, counterflow_ratio=0, post_entry_mode=reversion, winner_policy=hedge",reference_parallel_lmsr,8,100,25,8,primary,1E-80,True,True,2,True,1,0,0,0
adversarial,paper_quick_adv_0212,"Adversarial fairness search: pre_entry=6, late_delta_b=20, counterflow_ratio=0.25, post_entry_mode=trend, winner_policy=favorite",reference_parallel_lmsr,8,100,25,10,primary,1E-80,True,True,2,True,1,0,0,0
adversarial,paper_quick_adv_0213,"Adversarial fairness search: pre_entry=6, late_delta_b=20, counterflow_ratio=0.25, post_entry_mode=trend, winner_policy=hedge",reference_parallel_lmsr,8,100,25,9,primary,1E-80,True,True,2,True,1,0,0,0
adversarial,paper_quick_adv_0214,"Adversarial fairness search: pre_entry=6, late_delta_b=20, counterflow_ratio=0.25, post_entry_mode=reversion, winner_policy=favorite",reference_parallel_lmsr,8,100,25,9,primary,1E-80,True,True,2,True,1,0,0,0
adversarial,paper_quick_adv_0215,"Adversarial fairness search: pre_entry=6, late_delta_b=20, counterflow_ratio=0.25, post_entry_mode=reversion, winner_policy=hedge",reference_parallel_lmsr,8,100,25,10,primary,1E-80,True,True,2,True,1,0,0,0
adversarial,paper_quick_adv_0216,"Adversarial fairness search: pre_entry=20, late_delta_b=20, counterflow_ratio=0, post_entry_mode=idle, winner_policy=favorite",reference_parallel_lmsr,8,100,25,7,primary,6E-80,True,True,2,True,1,0,0,0
adversarial,paper_quick_adv_0217,"Adversarial fairness search: pre_entry=20, late_delta_b=20, counterflow_ratio=0, post_entry_mode=idle, winner_policy=hedge",reference_parallel_lmsr,8,100,25,6,primary,6E-80,True,True,2,True,1,0,0,0
adversarial,paper_quick_adv_0222,"Adversarial fairness search: pre_entry=20, late_delta_b=20, counterflow_ratio=0.25, post_entry_mode=idle, winner_policy=favorite",reference_parallel_lmsr,8,100,25,8,primary,7E-80,True,True,2,True,1,0,0,0
adversarial,paper_quick_adv_0223,"Adversarial fairness search: pre_entry=20, late_delta_b=20, counterflow_ratio=0.25, post_entry_mode=idle, winner_policy=hedge",reference_parallel_lmsr,8,100,25,8,primary,7E-80,True,True,2,True,1,0,0,0
adversarial,paper_quick_adv_0230,"Adversarial fairness search: pre_entry=20, late_delta_b=20, counterflow_ratio=0, post_entry_mode=trend, winner_policy=favorite",reference_parallel_lmsr,8,100,25,9,primary,6E-80,True,True,2,True,1,0,0,0
adversarial,paper_quick_adv_0231,"Adversarial fairness search: pre_entry=20, late_delta_b=20, counterflow_ratio=0, post_entry_mode=trend, winner_policy=hedge",reference_parallel_lmsr,8,100,25,7,primary,6E-80,True,True,2,True,1,0,0,0
adversarial,paper_quick_adv_0232,"Adversarial fairness search: pre_entry=20, late_delta_b=20, counterflow_ratio=0, post_entry_mode=reversion, winner_policy=favorite",reference_parallel_lmsr,8,100,25,8,primary,6E-80,True,True,2,True,1,0,0,0
adversarial,paper_quick_adv_0233,"Adversarial fairness search: pre_entry=20, late_delta_b=20, counterflow_ratio=0, post_entry_mode=reversion, winner_policy=hedge",reference_parallel_lmsr,8,100,25,8,primary,6E-80,True,True,2,True,1,0,0,0
adversarial,paper_quick_adv_0236,"Adversarial fairness search: pre_entry=20, late_delta_b=20, counterflow_ratio=0.25, post_entry_mode=trend, winner_policy=favorite",reference_parallel_lmsr,8,100,25,10,primary,7E-80,True,True,2,True,1,0,0,0
adversarial,paper_quick_adv_0237,"Adversarial fairness search: pre_entry=20, late_delta_b=20, counterflow_ratio=0.25, post_entry_mode=trend, winner_policy=hedge",reference_parallel_lmsr,8,100,25,9,primary,7E-80,True,True,2,True,1,0,0,0
adversarial,paper_quick_adv_0238,"Adversarial fairness search: pre_entry=20, late_delta_b=20, counterflow_ratio=0.25, post_entry_mode=reversion, winner_policy=favorite",reference_parallel_lmsr,8,100,25,9,primary,7E-80,True,True,2,True,1,0,0,0
adversarial,paper_quick_adv_0239,"Adversarial fairness search: pre_entry=20, late_delta_b=20, counterflow_ratio=0.25, post_entry_mode=reversion, winner_policy=hedge",reference_parallel_lmsr,8,100,25,10,primary,7E-80,True,True,2,True,1,0,0,0
adversarial,paper_quick_adv_0240,"Adversarial fairness search: pre_entry=6, late_delta_b=50, counterflow_ratio=0, post_entry_mode=idle, winner_policy=favorite",reference_parallel_lmsr,8,100,25,7,primary,0E-80,True,True,2,True,1,0,0,0
adversarial,paper_quick_adv_0241,"Adversarial fairness search: pre_entry=6, late_delta_b=50, counterflow_ratio=0, post_entry_mode=idle, winner_policy=hedge",reference_parallel_lmsr,8,100,25,6,primary,0E-80,True,True,2,True,1,0,0,0
adversarial,paper_quick_adv_0246,"Adversarial fairness search: pre_entry=6, late_delta_b=50, counterflow_ratio=0.25, post_entry_mode=idle, winner_policy=favorite",reference_parallel_lmsr,8,100,25,8,primary,0E-80,True,True,2,True,1,0,0,0
adversarial,paper_quick_adv_0247,"Adversarial fairness search: pre_entry=6, late_delta_b=50, counterflow_ratio=0.25, post_entry_mode=idle, winner_policy=hedge",reference_parallel_lmsr,8,100,25,8,primary,0E-80,True,True,2,True,1,0,0,0
adversarial,paper_quick_adv_0254,"Adversarial fairness search: pre_entry=6, late_delta_b=50, counterflow_ratio=0, post_entry_mode=trend, winner_policy=favorite",reference_parallel_lmsr,8,100,25,9,primary,0E-80,True,True,2,True,1,0,0,0
adversarial,paper_quick_adv_0255,"Adversarial fairness search: pre_entry=6, late_delta_b=50, counterflow_ratio=0, post_entry_mode=trend, winner_policy=hedge",reference_parallel_lmsr,8,100,25,7,primary,0E-80,True,True,2,True,1,0,0,0
adversarial,paper_quick_adv_0256,"Adversarial fairness search: pre_entry=6, late_delta_b=50, counterflow_ratio=0, post_entry_mode=reversion, winner_policy=favorite",reference_parallel_lmsr,8,100,25,8,primary,0E-80,True,True,2,True,1,0,0,0
adversarial,paper_quick_adv_0257,"Adversarial fairness search: pre_entry=6, late_delta_b=50, counterflow_ratio=0, post_entry_mode=reversion, winner_policy=hedge",reference_parallel_lmsr,8,100,25,8,primary,0E-80,True,True,2,True,1,0,0,0
adversarial,paper_quick_adv_0260,"Adversarial fairness search: pre_entry=6, late_delta_b=50, counterflow_ratio=0.25, post_entry_mode=trend, winner_policy=favorite",reference_parallel_lmsr,8,100,25,10,primary,0E-80,True,True,2,True,1,0,0,0
adversarial,paper_quick_adv_0261,"Adversarial fairness search: pre_entry=6, late_delta_b=50, counterflow_ratio=0.25, post_entry_mode=trend, winner_policy=hedge",reference_parallel_lmsr,8,100,25,9,primary,0E-80,True,True,2,True,1,0,0,0
adversarial,paper_quick_adv_0262,"Adversarial fairness search: pre_entry=6, late_delta_b=50, counterflow_ratio=0.25, post_entry_mode=reversion, winner_policy=favorite",reference_parallel_lmsr,8,100,25,9,primary,0E-80,True,True,2,True,1,0,0,0
adversarial,paper_quick_adv_0263,"Adversarial fairness search: pre_entry=6, late_delta_b=50, counterflow_ratio=0.25, post_entry_mode=reversion, winner_policy=hedge",reference_parallel_lmsr,8,100,25,10,primary,0E-80,True,True,2,True,1,0,0,0
adversarial,paper_quick_adv_0264,"Adversarial fairness search: pre_entry=20, late_delta_b=50, counterflow_ratio=0, post_entry_mode=idle, winner_policy=favorite",reference_parallel_lmsr,8,100,25,7,primary,1E-80,True,True,2,True,1,0,0,0
adversarial,paper_quick_adv_0265,"Adversarial fairness search: pre_entry=20, late_delta_b=50, counterflow_ratio=0, post_entry_mode=idle, winner_policy=hedge",reference_parallel_lmsr,8,100,25,6,primary,1E-80,True,True,2,True,1,0,0,0
adversarial,paper_quick_adv_0270,"Adversarial fairness search: pre_entry=20, late_delta_b=50, counterflow_ratio=0.25, post_entry_mode=idle, winner_policy=favorite",reference_parallel_lmsr,8,100,25,8,primary,1E-80,True,True,2,True,1,0,0,0
adversarial,paper_quick_adv_0271,"Adversarial fairness search: pre_entry=20, late_delta_b=50, counterflow_ratio=0.25, post_entry_mode=idle, winner_policy=hedge",reference_parallel_lmsr,8,100,25,8,primary,1E-80,True,True,2,True,1,0,0,0
adversarial,paper_quick_adv_0278,"Adversarial fairness search: pre_entry=20, late_delta_b=50, counterflow_ratio=0, post_entry_mode=trend, winner_policy=favorite",reference_parallel_lmsr,8,100,25,9,primary,1E-80,True,True,2,True,1,0,0,0
adversarial,paper_quick_adv_0279,"Adversarial fairness search: pre_entry=20, late_delta_b=50, counterflow_ratio=0, post_entry_mode=trend, winner_policy=hedge",reference_parallel_lmsr,8,100,25,7,primary,1E-80,True,True,2,True,1,0,0,0
adversarial,paper_quick_adv_0280,"Adversarial fairness search: pre_entry=20, late_delta_b=50, counterflow_ratio=0, post_entry_mode=reversion, winner_policy=favorite",reference_parallel_lmsr,8,100,25,8,primary,1E-80,True,True,2,True,1,0,0,0
adversarial,paper_quick_adv_0281,"Adversarial fairness search: pre_entry=20, late_delta_b=50, counterflow_ratio=0, post_entry_mode=reversion, winner_policy=hedge",reference_parallel_lmsr,8,100,25,8,primary,1E-80,True,True,2,True,1,0,0,0
adversarial,paper_quick_adv_0284,"Adversarial fairness search: pre_entry=20, late_delta_b=50, counterflow_ratio=0.25, post_entry_mode=trend, winner_policy=favorite",reference_parallel_lmsr,8,100,25,10,primary,1E-80,True,True,2,True,1,0,0,0
adversarial,paper_quick_adv_0285,"Adversarial fairness search: pre_entry=20, late_delta_b=50, counterflow_ratio=0.25, post_entry_mode=trend, winner_policy=hedge",reference_parallel_lmsr,8,100,25,9,primary,1E-80,True,True,2,True,1,0,0,0
adversarial,paper_quick_adv_0286,"Adversarial fairness search: pre_entry=20, late_delta_b=50, counterflow_ratio=0.25, post_entry_mode=reversion, winner_policy=favorite",reference_parallel_lmsr,8,100,25,9,primary,1E-80,True,True,2,True,1,0,0,0
adversarial,paper_quick_adv_0287,"Adversarial fairness search: pre_entry=20, late_delta_b=50, counterflow_ratio=0.25, post_entry_mode=reversion, winner_policy=hedge",reference_parallel_lmsr,8,100,25,10,primary,1E-80,True,True,2,True,1,0,0,0
adversarial,paper_quick_adv_0288,"Adversarial fairness search: pre_entry=6, late_delta_b=20, counterflow_ratio=0, post_entry_mode=idle, winner_policy=favorite",reference_parallel_lmsr,8,100,25,7,primary,4.033028714929244356674096000E-29,True,True,2,True,1,0,0,0
adversarial,paper_quick_adv_0289,"Adversarial fairness search: pre_entry=6, late_delta_b=20, counterflow_ratio=0, post_entry_mode=idle, winner_policy=hedge",reference_parallel_lmsr,8,100,25,6,primary,4.033028714929244356674096000E-29,True,True,2,True,1,0,0,0
adversarial,paper_quick_adv_0294,"Adversarial fairness search: pre_entry=6, late_delta_b=20, counterflow_ratio=0.25, post_entry_mode=idle, winner_policy=favorite",reference_parallel_lmsr,8,100,25,8,primary,3.166527838107113913484357593E-29,True,True,2,True,1,0,0,0
adversarial,paper_quick_adv_0295,"Adversarial fairness search: pre_entry=6, late_delta_b=20, counterflow_ratio=0.25, post_entry_mode=idle, winner_policy=hedge",reference_parallel_lmsr,8,100,25,8,primary,3.166527838107113913484357593E-29,True,True,2,True,1,0,0,0
adversarial,paper_quick_adv_0302,"Adversarial fairness search: pre_entry=6, late_delta_b=20, counterflow_ratio=0, post_entry_mode=trend, winner_policy=favorite",reference_parallel_lmsr,8,100,25,9,primary,4.033028714929244356674096000E-29,True,True,2,True,1,0,0,0
adversarial,paper_quick_adv_0303,"Adversarial fairness search: pre_entry=6, late_delta_b=20, counterflow_ratio=0, post_entry_mode=trend, winner_policy=hedge",reference_parallel_lmsr,8,100,25,7,primary,4.033028714929244356674096000E-29,True,True,2,True,1,0,0,0
adversarial,paper_quick_adv_0304,"Adversarial fairness search: pre_entry=6, late_delta_b=20, counterflow_ratio=0, post_entry_mode=reversion, winner_policy=favorite",reference_parallel_lmsr,8,100,25,8,primary,4.033028714929244356674096000E-29,True,True,2,True,1,0,0,0
adversarial,paper_quick_adv_0305,"Adversarial fairness search: pre_entry=6, late_delta_b=20, counterflow_ratio=0, post_entry_mode=reversion, winner_policy=hedge",reference_parallel_lmsr,8,100,25,8,primary,4.033028714929244356674096000E-29,True,True,2,True,1,0,0,0
adversarial,paper_quick_adv_0308,"Adversarial fairness search: pre_entry=6, late_delta_b=20, counterflow_ratio=0.25, post_entry_mode=trend, winner_policy=favorite",reference_parallel_lmsr,8,100,25,10,primary,3.166527838107113913484357593E-29,True,True,2,True,1,0,0,0
adversarial,paper_quick_adv_0309,"Adversarial fairness search: pre_entry=6, late_delta_b=20, counterflow_ratio=0.25, post_entry_mode=trend, winner_policy=hedge",reference_parallel_lmsr,8,100,25,9,primary,3.166527838107113913484357593E-29,True,True,2,True,1,0,0,0
adversarial,paper_quick_adv_0310,"Adversarial fairness search: pre_entry=6, late_delta_b=20, counterflow_ratio=0.25, post_entry_mode=reversion, winner_policy=favorite",reference_parallel_lmsr,8,100,25,9,primary,3.166527838107113913484357593E-29,True,True,2,True,1,0,0,0
adversarial,paper_quick_adv_0311,"Adversarial fairness search: pre_entry=6, late_delta_b=20, counterflow_ratio=0.25, post_entry_mode=reversion, winner_policy=hedge",reference_parallel_lmsr,8,100,25,10,primary,3.166527838107113913484357593E-29,True,True,2,True,1,0,0,0
adversarial,paper_quick_adv_0312,"Adversarial fairness search: pre_entry=20, late_delta_b=20, counterflow_ratio=0, post_entry_mode=idle, winner_policy=favorite",reference_parallel_lmsr,8,100,25,7,primary,3.253480933631500763030984773E-29,True,True,2,True,1,0,0,0
adversarial,paper_quick_adv_0313,"Adversarial fairness search: pre_entry=20, late_delta_b=20, counterflow_ratio=0, post_entry_mode=idle, winner_policy=hedge",reference_parallel_lmsr,8,100,25,6,primary,3.253480933631500763030984773E-29,True,True,2,True,1,0,0,0
adversarial,paper_quick_adv_0318,"Adversarial fairness search: pre_entry=20, late_delta_b=20, counterflow_ratio=0.25, post_entry_mode=idle, winner_policy=favorite",reference_parallel_lmsr,8,100,25,8,primary,3.400544943806941967783596166E-29,True,True,2,True,1,0,0,0
adversarial,paper_quick_adv_0319,"Adversarial fairness search: pre_entry=20, late_delta_b=20, counterflow_ratio=0.25, post_entry_mode=idle, winner_policy=hedge",reference_parallel_lmsr,8,100,25,8,primary,3.400544943806941967783596166E-29,True,True,2,True,1,0,0,0
adversarial,paper_quick_adv_0326,"Adversarial fairness search: pre_entry=20, late_delta_b=20, counterflow_ratio=0, post_entry_mode=trend, winner_policy=favorite",reference_parallel_lmsr,8,100,25,9,primary,3.253480933631500763030984773E-29,True,True,2,True,1,0,0,0
adversarial,paper_quick_adv_0327,"Adversarial fairness search: pre_entry=20, late_delta_b=20, counterflow_ratio=0, post_entry_mode=trend, winner_policy=hedge",reference_parallel_lmsr,8,100,25,7,primary,3.253480933631500763030984773E-29,True,True,2,True,1,0,0,0
adversarial,paper_quick_adv_0328,"Adversarial fairness search: pre_entry=20, late_delta_b=20, counterflow_ratio=0, post_entry_mode=reversion, winner_policy=favorite",reference_parallel_lmsr,8,100,25,8,primary,3.253480933631500763030984773E-29,True,True,2,True,1,0,0,0
adversarial,paper_quick_adv_0329,"Adversarial fairness search: pre_entry=20, late_delta_b=20, counterflow_ratio=0, post_entry_mode=reversion, winner_policy=hedge",reference_parallel_lmsr,8,100,25,8,primary,3.253480933631500763030984773E-29,True,True,2,True,1,0,0,0
adversarial,paper_quick_adv_0332,"Adversarial fairness search: pre_entry=20, late_delta_b=20, counterflow_ratio=0.25, post_entry_mode=trend, winner_policy=favorite",reference_parallel_lmsr,8,100,25,10,primary,3.400544943806941967783596166E-29,True,True,2,True,1,0,0,0
adversarial,paper_quick_adv_0333,"Adversarial fairness search: pre_entry=20, late_delta_b=20, counterflow_ratio=0.25, post_entry_mode=trend, winner_policy=hedge",reference_parallel_lmsr,8,100,25,9,primary,3.400544943806941967783596166E-29,True,True,2,True,1,0,0,0
adversarial,paper_quick_adv_0334,"Adversarial fairness search: pre_entry=20, late_delta_b=20, counterflow_ratio=0.25, post_entry_mode=reversion, winner_policy=favorite",reference_parallel_lmsr,8,100,25,9,primary,3.400544943806941967783596166E-29,True,True,2,True,1,0,0,0
adversarial,paper_quick_adv_0335,"Adversarial fairness search: pre_entry=20, late_delta_b=20, counterflow_ratio=0.25, post_entry_mode=reversion, winner_policy=hedge",reference_parallel_lmsr,8,100,25,10,primary,3.400544943806941967783596166E-29,True,True,2,True,1,0,0,0
adversarial,paper_quick_adv_0336,"Adversarial fairness search: pre_entry=6, late_delta_b=50, counterflow_ratio=0, post_entry_mode=idle, winner_policy=favorite",reference_parallel_lmsr,8,100,25,7,primary,2.547176030481628014741534316E-29,True,True,2,True,1,0,0,0
adversarial,paper_quick_adv_0337,"Adversarial fairness search: pre_entry=6, late_delta_b=50, counterflow_ratio=0, post_entry_mode=idle, winner_policy=hedge",reference_parallel_lmsr,8,100,25,6,primary,2.547176030481628014741534316E-29,True,True,2,True,1,0,0,0
adversarial,paper_quick_adv_0342,"Adversarial fairness search: pre_entry=6, late_delta_b=50, counterflow_ratio=0.25, post_entry_mode=idle, winner_policy=favorite",reference_parallel_lmsr,8,100,25,8,primary,2.666549758405990663986827446E-29,True,True,2,True,1,0,0,0
adversarial,paper_quick_adv_0343,"Adversarial fairness search: pre_entry=6, late_delta_b=50, counterflow_ratio=0.25, post_entry_mode=idle, winner_policy=hedge",reference_parallel_lmsr,8,100,25,8,primary,2.666549758405990663986827446E-29,True,True,2,True,1,0,0,0
adversarial,paper_quick_adv_0350,"Adversarial fairness search: pre_entry=6, late_delta_b=50, counterflow_ratio=0, post_entry_mode=trend, winner_policy=favorite",reference_parallel_lmsr,8,100,25,9,primary,2.547176030481628014741534316E-29,True,True,2,True,1,0,0,0
adversarial,paper_quick_adv_0351,"Adversarial fairness search: pre_entry=6, late_delta_b=50, counterflow_ratio=0, post_entry_mode=trend, winner_policy=hedge",reference_parallel_lmsr,8,100,25,7,primary,2.547176030481628014741534316E-29,True,True,2,True,1,0,0,0
adversarial,paper_quick_adv_0352,"Adversarial fairness search: pre_entry=6, late_delta_b=50, counterflow_ratio=0, post_entry_mode=reversion, winner_policy=favorite",reference_parallel_lmsr,8,100,25,8,primary,2.547176030481628014741534316E-29,True,True,2,True,1,0,0,0
adversarial,paper_quick_adv_0353,"Adversarial fairness search: pre_entry=6, late_delta_b=50, counterflow_ratio=0, post_entry_mode=reversion, winner_policy=hedge",reference_parallel_lmsr,8,100,25,8,primary,2.547176030481628014741534316E-29,True,True,2,True,1,0,0,0
adversarial,paper_quick_adv_0356,"Adversarial fairness search: pre_entry=6, late_delta_b=50, counterflow_ratio=0.25, post_entry_mode=trend, winner_policy=favorite",reference_parallel_lmsr,8,100,25,10,primary,2.666549758405990663986827446E-29,True,True,2,True,1,0,0,0
adversarial,paper_quick_adv_0357,"Adversarial fairness search: pre_entry=6, late_delta_b=50, counterflow_ratio=0.25, post_entry_mode=trend, winner_policy=hedge",reference_parallel_lmsr,8,100,25,9,primary,2.666549758405990663986827446E-29,True,True,2,True,1,0,0,0
adversarial,paper_quick_adv_0358,"Adversarial fairness search: pre_entry=6, late_delta_b=50, counterflow_ratio=0.25, post_entry_mode=reversion, winner_policy=favorite",reference_parallel_lmsr,8,100,25,9,primary,2.666549758405990663986827446E-29,True,True,2,True,1,0,0,0
adversarial,paper_quick_adv_0359,"Adversarial fairness search: pre_entry=6, late_delta_b=50, counterflow_ratio=0.25, post_entry_mode=reversion, winner_policy=hedge",reference_parallel_lmsr,8,100,25,10,primary,2.666549758405990663986827446E-29,True,True,2,True,1,0,0,0
adversarial,paper_quick_adv_0360,"Adversarial fairness search: pre_entry=20, late_delta_b=50, counterflow_ratio=0, post_entry_mode=idle, winner_policy=favorite",reference_parallel_lmsr,8,100,25,7,primary,2.739773417794948010973460861E-29,True,True,2,True,1,0,0,0
adversarial,paper_quick_adv_0361,"Adversarial fairness search: pre_entry=20, late_delta_b=50, counterflow_ratio=0, post_entry_mode=idle, winner_policy=hedge",reference_parallel_lmsr,8,100,25,6,primary,2.739773417794948010973460861E-29,True,True,2,True,1,0,0,0
adversarial,paper_quick_adv_0366,"Adversarial fairness search: pre_entry=20, late_delta_b=50, counterflow_ratio=0.25, post_entry_mode=idle, winner_policy=favorite",reference_parallel_lmsr,8,100,25,8,primary,4.584202449587920130974027020E-29,True,True,2,True,1,0,0,0
adversarial,paper_quick_adv_0367,"Adversarial fairness search: pre_entry=20, late_delta_b=50, counterflow_ratio=0.25, post_entry_mode=idle, winner_policy=hedge",reference_parallel_lmsr,8,100,25,8,primary,4.584202449587920130974027020E-29,True,True,2,True,1,0,0,0
adversarial,paper_quick_adv_0374,"Adversarial fairness search: pre_entry=20, late_delta_b=50, counterflow_ratio=0, post_entry_mode=trend, winner_policy=favorite",reference_parallel_lmsr,8,100,25,9,primary,2.739773417794948010973460861E-29,True,True,2,True,1,0,0,0
adversarial,paper_quick_adv_0375,"Adversarial fairness search: pre_entry=20, late_delta_b=50, counterflow_ratio=0, post_entry_mode=trend, winner_policy=hedge",reference_parallel_lmsr,8,100,25,7,primary,2.739773417794948010973460861E-29,True,True,2,True,1,0,0,0
adversarial,paper_quick_adv_0376,"Adversarial fairness search: pre_entry=20, late_delta_b=50, counterflow_ratio=0, post_entry_mode=reversion, winner_policy=favorite",reference_parallel_lmsr,8,100,25,8,primary,2.739773417794948010973460861E-29,True,True,2,True,1,0,0,0
adversarial,paper_quick_adv_0377,"Adversarial fairness search: pre_entry=20, late_delta_b=50, counterflow_ratio=0, post_entry_mode=reversion, winner_policy=hedge",reference_parallel_lmsr,8,100,25,8,primary,2.739773417794948010973460861E-29,True,True,2,True,1,0,0,0
adversarial,paper_quick_adv_0380,"Adversarial fairness search: pre_entry=20, late_delta_b=50, counterflow_ratio=0.25, post_entry_mode=trend, winner_policy=favorite",reference_parallel_lmsr,8,100,25,10,primary,4.584202449587920130974027020E-29,True,True,2,True,1,0,0,0
adversarial,paper_quick_adv_0381,"Adversarial fairness search: pre_entry=20, late_delta_b=50, counterflow_ratio=0.25, post_entry_mode=trend, winner_policy=hedge",reference_parallel_lmsr,8,100,25,9,primary,4.584202449587920130974027020E-29,True,True,2,True,1,0,0,0
adversarial,paper_quick_adv_0382,"Adversarial fairness search: pre_entry=20, late_delta_b=50, counterflow_ratio=0.25, post_entry_mode=reversion, winner_policy=favorite",reference_parallel_lmsr,8,100,25,9,primary,4.584202449587920130974027020E-29,True,True,2,True,1,0,0,0
adversarial,paper_quick_adv_0383,"Adversarial fairness search: pre_entry=20, late_delta_b=50, counterflow_ratio=0.25, post_entry_mode=reversion, winner_policy=hedge",reference_parallel_lmsr,8,100,25,10,primary,4.584202449587920130974027020E-29,True,True,2,True,1,0,0,0
